hash, executionTime
AAAYQ04txd05VAkTI1qZmbAMaQ2PEvAcVhDbT8dKL_4CWg, 397
_AapiCnm6kx-5UQtIGlHwQcuJmS-Xk44JpcoG4kPQSlv2Q, 794
XAEUFqJDlwkyJiWHUpw4CyxubQQBO_WTP5V45v3bByDoUg, 632
AABXH0YMzd3SCUX2Z-t_q6-mSxTJJh5F7PgRrGHQU-OsAA, 857
AAAYQ04txd05VAkTI1qZmbAMaQ2PEvAcVhDbT8dKL_4CWg, 461
_AapiCnm6kx-5UQtIGlHwQcuJmS-Xk44JpcoG4kPQSlv2Q, 784
XAEUFqJDlwkyJiWHUpw4CyxubQQBO_WTP5V45v3bByDoUg, 632
AABXH0YMzd3SCUX2Z-t_q6-mSxTJJh5F7PgRrGHQU-OsAA, 1153
AAAYQ04txd05VAkTI1qZmbAMaQ2PEvAcVhDbT8dKL_4CWg, 509
_AapiCnm6kx-5UQtIGlHwQcuJmS-Xk44JpcoG4kPQSlv2Q, 1013
XAEUFqJDlwkyJiWHUpw4CyxubQQBO_WTP5V45v3bByDoUg, 639
AABXH0YMzd3SCUX2Z-t_q6-mSxTJJh5F7PgRrGHQU-OsAA, 920
AAAYQ04txd05VAkTI1qZmbAMaQ2PEvAcVhDbT8dKL_4CWg, 378
_AapiCnm6kx-5UQtIGlHwQcuJmS-Xk44JpcoG4kPQSlv2Q, 997
XAEUFqJDlwkyJiWHUpw4CyxubQQBO_WTP5V45v3bByDoUg, 679
AABXH0YMzd3SCUX2Z-t_q6-mSxTJJh5F7PgRrGHQU-OsAA, 843
AAAYQ04txd05VAkTI1qZmbAMaQ2PEvAcVhDbT8dKL_4CWg, 1437
_AapiCnm6kx-5UQtIGlHwQcuJmS-Xk44JpcoG4kPQSlv2Q, 1683
XAEUFqJDlwkyJiWHUpw4CyxubQQBO_WTP5V45v3bByDoUg, 1525
AABXH0YMzd3SCUX2Z-t_q6-mSxTJJh5F7PgRrGHQU-OsAA, 2284
AAAYQ04txd05VAkTI1qZmbAMaQ2PEvAcVhDbT8dKL_4CWg, 925
_AapiCnm6kx-5UQtIGlHwQcuJmS-Xk44JpcoG4kPQSlv2Q, 1632
XAEUFqJDlwkyJiWHUpw4CyxubQQBO_WTP5V45v3bByDoUg, 1502
AABXH0YMzd3SCUX2Z-t_q6-mSxTJJh5F7PgRrGHQU-OsAA, 2120
AAAYQ04txd05VAkTI1qZmbAMaQ2PEvAcVhDbT8dKL_4CWg, 943
_AapiCnm6kx-5UQtIGlHwQcuJmS-Xk44JpcoG4kPQSlv2Q, 1650
XAEUFqJDlwkyJiWHUpw4CyxubQQBO_WTP5V45v3bByDoUg, 1501
AABXH0YMzd3SCUX2Z-t_q6-mSxTJJh5F7PgRrGHQU-OsAA, 2096
AAAYQ04txd05VAkTI1qZmbAMaQ2PEvAcVhDbT8dKL_4CWg, 956
_AapiCnm6kx-5UQtIGlHwQcuJmS-Xk44JpcoG4kPQSlv2Q, 1671
XAEUFqJDlwkyJiWHUpw4CyxubQQBO_WTP5V45v3bByDoUg, 1354
AABXH0YMzd3SCUX2Z-t_q6-mSxTJJh5F7PgRrGHQU-OsAA, 2151
AAAYQ04txd05VAkTI1qZmbAMaQ2PEvAcVhDbT8dKL_4CWg, 901
_AapiCnm6kx-5UQtIGlHwQcuJmS-Xk44JpcoG4kPQSlv2Q, 1655
XAEUFqJDlwkyJiWHUpw4CyxubQQBO_WTP5V45v3bByDoUg, 1411
AABXH0YMzd3SCUX2Z-t_q6-mSxTJJh5F7PgRrGHQU-OsAA, 2140
AAAYQ04txd05VAkTI1qZmbAMaQ2PEvAcVhDbT8dKL_4CWg, 572
_AapiCnm6kx-5UQtIGlHwQcuJmS-Xk44JpcoG4kPQSlv2Q, 814
XAEUFqJDlwkyJiWHUpw4CyxubQQBO_WTP5V45v3bByDoUg, 588
AABXH0YMzd3SCUX2Z-t_q6-mSxTJJh5F7PgRrGHQU-OsAA, 2655
AAAYQ04txd05VAkTI1qZmbAMaQ2PEvAcVhDbT8dKL_4CWg, 1025
_AapiCnm6kx-5UQtIGlHwQcuJmS-Xk44JpcoG4kPQSlv2Q, 1717
XAEUFqJDlwkyJiWHUpw4CyxubQQBO_WTP5V45v3bByDoUg, 1565
AABXH0YMzd3SCUX2Z-t_q6-mSxTJJh5F7PgRrGHQU-OsAA, 2368
AAAYQ04txd05VAkTI1qZmbAMaQ2PEvAcVhDbT8dKL_4CWg, 669
_AapiCnm6kx-5UQtIGlHwQcuJmS-Xk44JpcoG4kPQSlv2Q, 1151
XAEUFqJDlwkyJiWHUpw4CyxubQQBO_WTP5V45v3bByDoUg, 707
AABXH0YMzd3SCUX2Z-t_q6-mSxTJJh5F7PgRrGHQU-OsAA, 1115
AAAYQ04txd05VAkTI1qZmbAMaQ2PEvAcVhDbT8dKL_4CWg, 1512
_AapiCnm6kx-5UQtIGlHwQcuJmS-Xk44JpcoG4kPQSlv2Q, 2506
XAEUFqJDlwkyJiWHUpw4CyxubQQBO_WTP5V45v3bByDoUg, 2316
AABXH0YMzd3SCUX2Z-t_q6-mSxTJJh5F7PgRrGHQU-OsAA, 24802
